SEP=,
SERVICE,UNIT OF MEASURE,CONSUMED UNITS,INCLUDED UNITS,CHARGED UNITS,UNIT PRICE,CHARGE,
"API Management - Developer Unit","100 Hours","30.36","0","30.36","39.97","1213.34"
"API Management - Premium Unit","10 Hours","69.6","0","69.6","232.6","16188.9"
"App Center - Build Pipeline","1 /Month","1","0","1","242.98","242.98"
"App Configuration - Free Instance","1 /Day","29","0","29","0","0"
"App Configuration - Standard Instance","10 /Day","5.8","0","5.8","72.9","422.82"
"Application Gateway Standard v2 - Capacity Units - BR South","1000 /Hour","0.005561","0","0.005561","48.6","0.27"
"Application Gateway Standard v2 - Capacity Units - US East 2","1000 /Hour","13.890661","0","13.890661","48.6","675.03"
"Application Gateway Standard v2 - Fixed Cost - BR South","1000 /Hour","0.000278","0","0.000278","2429.84","0.68"
"Application Gateway Standard v2 - Fixed Cost - US East 2","1000 /Hour","0.942","0","0.942","1214.91","1144.45"
"Application Gateway WAF v2 - Standard Capacity Units - BR South","1000 /Hour","7.690633","0","7.690633","87.48","672.79"
"Application Gateway WAF v2 - Standard Capacity Units - US East 2","1000 /Hour","5.107101","0","5.107101","87.48","446.78"
"Application Gateway WAF v2 - Standard Fixed Cost - BR South","1000 /Hour","0.695502","0","0.695502","4373.7","3041.92"
"Application Gateway WAF v2 - Standard Fixed Cost - US East 2","1000 /Hour","1.146","0","1.146","2186.86","2506.15"
"Azure App Service Basic Plan - Linux - B1 - BR South","10 Hours","133.391888","0","133.391888","1.22","162.1"
"Azure App Service Free Plan - Linux - F1","1 Hour","2.209536","0","2.209536","0","0"
"Azure Arc - Azure Arc Enabled Servers (VMs)","1 Hour","0.044355","0","0.044355","0","0"
"Azure Arc-enabled SQL Server - Arc-enabled servers - Dev edition","1 Hour","192","0","192","0","0"
"Azure Bastion - Basic Data Transfer Out - Zone 3","100 GB","0.405297","0.05","0.355297","97.19","34.53"
"Azure Bastion - Basic Gateway - Zone 1","100 Hours","20.88","0","20.88","115.42","2409.95"
"Azure Bastion - Standard Gateway - Zone 1","100 Hours","6.96","0","6.96","176.17","1226.12"
"Azure Database for PostgreSQL Single Server General Purpose - Compute Gen5 - 1 vCore - vCore - BR South","10 Hours","417.6","0","417.6","6.99","2920.53"
"Azure Database for PostgreSQL Single Server General Purpose - Storage - Data Stored - BR South","10 GB/Month","14.032258","0","14.032258","13.24","185.83"
"Azure DNS - Private Queries","10000000","0.003076","0","0.003076","24.29","0.07"
"Azure DNS - Private Zone","2","14.968701","0","14.968701","6.08","90.95"
"Azure Kubernetes Service - Standard Uptime SLA","100 Hours","13.919317","0","13.919317","60.75","845.57"
"Azure Monitor - Alerts Metric Monitored","10 /Month","0.093548","1","0","0","0"
"Azure Monitor - Emails","100000","0.0001","0.01","0","0","0"
"Azure Monitor - Notifications Push Notification","100000","0.00007","0.01","0","0","0"
"Azure OpenAI - Az-GPT35-Turbo-Instruct-Input Tokens","10000000","9.775298","0","9.775298","94.91","927.77"
"Azure OpenAI - Az-GPT35-Turbo-Instruct-Output Tokens","10000000","0.341621","0","0.341621","126.54","43.23"
"Azure Pipelines - Microsoft-hosted CI/CD Concurrent Job","1 /Month","5.483871","0","5.483871","242.98","1332.46"
"Azure Redis Cache Basic - C0","100 Hours","41.76","0","41.76","13.37","558.21"
"Azure Repos and Boards (Basic) - Basic - User -","1 /Month","93.935484","0","93.935484","36.44","3423.35"
"Azure Test Plans - Standard User","1 /Month","12.16129","0","12.16129","315.88","3841.48"
"Backup - Azure Files - Protected Instances - US East 2","10 /Month","0.072957","0","0.072957","303.73","22.16"
"Backup - Azure VM - Protected Instances - US East 2","1 /Month","4.209677","0","4.209677","63.28","266.38"
"Backup - GRS Data Stored - US East 2","1 TB/Month","2.244691","0","2.244691","283.45","636.26"
"Bandwidth Inter-Region - Inter Continent Data Transfer Out - LATAM To Any - Intercontinental","100 GB","0.073914","0.05","0.023914","97.19","2.32"
"Bandwidth Inter-Region - Inter Continent Data Transfer Out - NAM or EU To Any - Intercontinental","1 TB","0.654674","0.005","0.649674","303.73","197.32"
"Bandwidth Inter-Region - Intra Continent Data Transfer Out - North America","1 TB","0.062029","0","0.062029","121.5","7.54"
"Bandwidth Inter-Region - Intra Continent Data Transfer Out - South America","100 GB","0.000009","0","0.000009","97.19","0"
"Change Feed - Blob Changes - BR South","10000000","0.000002","0","0.000002","121.5","0"
"Configuration Management - Azure Node","1","0.727151","0","0.727151","0","0"
"Container Registry - Basic - Registry Units","30 /Day","1.960222","0","1.960222","30.32","59.43"
"Container Registry - Data Stored","100 GB/Month","0.051097","0","0.051097","60.75","3.1"
"Container Registry - Premium - Registry Replication Unit","10 /Day","2.821924","0","2.821924","105.41","297.47"
"Container Registry - Premium - Registry Units","30 /Day","0.939769","0","0.939769","303.66","285.37"
"Container Registry - Standard - Registry Units","30 /Day","2.900023","0","2.900023","121.43","352.16"
"Dedicated Host Reservation - Standard Usage","1 Hour","1391.785007","0","1391.785007","0","0"
"Dedicated Host VM - Preview","1 Hour","8351.916765","0","8351.916765","0","0"
"Event Grid - Standard Operations","10000000","0.000426","0.01","0","0","0"
"Event Hubs - Standard Ingress Events","100000000","0.209188","0","0.209188","17","3.56"
"Event Hubs - Standard Throughput Unit","100 Hours","6.96","0","6.96","18.23","126.87"
"Files - Delete Operations","10000000","0.000003","0","0.000003","0","0"
"Files - GRS - Write Operations","10000000","0.058716","0","0.058716","182.23","10.7"
"Files - GRS Data Stored","100 GB/Month","15.121672","0","15.121672","60.75","918.61"
"Files - List Operations","10000000","0.000206","0","0.000206","91.13","0.02"
"Files - LRS - Write Operations","10000000","0.000425","0","0.000425","91.13","0.04"
"Files - LRS Data Stored","100 GB/Month","8.069995","0","8.069995","36.44","294.1"
"Files - Protocol Operations","10000000","0.058845","0","0.058845","9.1","0.54"
"Files - Read Operations","10000000","0.059497","0","0.059497","9.1","0.54"
"Files v2 - Hot - Other Operations - US East 2","10000000","0.695801","0","0.695801","31.58","21.98"
"Files v2 - Hot - Read Operations - US East 2","10000000","0.846668","0","0.846668","31.58","26.74"
"Files v2 - Hot LRS - Data Stored - US East 2","100 GB/Month","26.786788","0","26.786788","15.49","414.86"
"Files v2 - Hot LRS - List Operations - US East 2","1000000","0.000001","0","0.000001","39.48","0"
"Files v2 - Hot LRS - Write Operations - US East 2","1000000","10.842361","0","10.842361","39.48","428.07"
"Files v2 - ZRS - List Operations - BR South","10000000","0.000012","0","0.000012","91.13","0"
"Files v2 - ZRS - Read Operations - BR South","100000000","0.000003","0","0.000003","91.13","0"
"General Block Blob - Delete Operations","100000000","0","0","0","21.87","0"
"General Block Blob - List and Create Container Operations","100000000","0.000201","0","0.000201","21.87","0"
"General Block Blob - Read Operations","100000000","0.150535","0","0.150535","21.87","3.29"
"General Block Blob - Write Operations","100000000","0.000228","0","0.000228","21.87","0"
"General Block Blob v2 - Hot ZRS - Data Stored - BR South","100 GB/Month","0.001925","0","0.001925","23.03","0.04"
"General Block Blob v2 - Hot ZRS - Read Operations - BR South","10000000","0.000089","0","0.000089","34.03","0"
"General Block Blob v2 - Hot ZRS - Write Operations - BR South","1000000","0.014498","0","0.014498","53.16","0.77"
"Global Virtual Network Peering - Inter-Region Egress - Zone 1","100 GB","0.006808","0","0.006808","21.27","0.14"
"Global Virtual Network Peering - Inter-Region Egress - Zone 3","100 GB","0.005912","0","0.005912","97.19","0.57"
"Global Virtual Network Peering - Inter-Region Ingress - Zone 1","100 GB","0.007337","0","0.007337","21.27","0.16"
"Global Virtual Network Peering - Inter-Region Ingress - Zone 3","100 GB","0.008042","0","0.008042","97.19","0.78"
"IP Addresses - Basic IPv4 Dynamic Public IP","200 Hours","3.48","0","3.48","4.86","16.92"
"IP Addresses - Basic IPv4 Static Public IP","200 Hours","6.96","0","6.96","4.38","30.47"
"IP Addresses - Standard IPv4 Static Public IP","200 Hours","239.483196","0","239.483196","6.08","1455.1"
"Key Vault - Operations","1000000","50.625607","0","50.625607","18.23","922.8"
"Load Balancer - Standard Data Processed","1000 GB","1.300225","0","1.300225","30.38","39.5"
"Load Balancer - Standard Included LB Rules and Outbound Rules","100 Hours","90.48","0","90.48","15.19","1374.39"
"Load Balancer - Standard Overage LB Rules and Outbound Rules","100 /Hour","48.72","0","48.72","6.08","296.02"
"Log Analytics - Pay-as-you-go Data Ingestion","1 GB","226.387651","5","221.387651","13.97","3093.85"
"Log Analytics - Pay-as-you-go Data Ingestion - BR South","1 GB","151.065849","5","146.065849","27.94","4080.67"
"Log Analytics - Pay-as-you-go Data Ingestion - US East 2","1 GB","99.034234","5","94.034234","16.76","1576.47"
"Log Analytics - Pay-as-you-go Data Retention - BR South","10 GB/Month","0.566115","0","0.566115","12.15","6.88"
"Microsoft Defender CSPM - Standard - Nodes","1000 /Hour","3.319","0","3.319","44.29","147.01"
"Microsoft Defender CSPM - Trial - Nodes","1 /Hour","1675","0","1675","0","0"
"Microsoft Defender for Containers - Free Images","1","14","0","14","0","0"
"Microsoft Defender for Containers - Standard Trial vCore vCore Pack","1 /Hour","3212","0","3212","0","0"
"Microsoft Defender for Containers - Standard vCore vCore Pack","10000 /Hour","0.5708","0","0.5708","571.62","326.28"
"Microsoft Defender for Key Vault - Per node Std Node","100000 /Hour","0.00952","0","0.00952","215.13","2.05"
"Microsoft Defender for Key Vault - Per node Trial Node","1 /Hour","438","0","438","0","0"
"Microsoft Defender for PostgreSQL - Standard Node","1 /Month","2.806452","0","2.806452","91.13","255.75"
"Microsoft Defender for Resource Manager - Per node Std Node","10000 /Hour","0.0476","0","0.0476","436.58","20.78"
"Microsoft Defender for Resource Manager - Per node Trial Node","1 /Hour","219","0","219","0","0"
"Microsoft Defender for Resource Manager - Standard Events","10000000","0.164896","0","0.164896","242.98","40.07"
"Microsoft Defender for Servers - Standard P2 Node","100 /Hour","101.12","0","101.12","12.15","1228.81"
"Microsoft Defender for SQL - Standard Node","1 /Month","2.049731","0","2.049731","91.13","186.79"
"Microsoft Defender for SQL - Standard Trial Node","1 /Month","0.75672","0","0.75672","0","0"
"Microsoft Defender for Storage - Free Transactions","1000000","0.476398","0","0.476398","0","0"
"Microsoft Defender for Storage - Malware Scanning Data Ingested","100 GB","0.000291","0","0.000291","94.91","0.03"
"Microsoft Defender for Storage - Standard Node","1000 /Hour","1.431","0","1.431","84.78","121.32"
"Microsoft Defender for Storage - Standard Transactions","1000000","43.140344","0","43.140344","12.15","524.24"
"Microsoft Defender for Storage - Standard Trial Node","1 /Hour","657","0","657","0","0"
"NAT Gateway - Standard","1000 Hours","2.088","0","2.088","273.36","570.77"
"NAT Gateway - Standard Data Processed","1 TB","0.229688","0","0.229688","273.36","62.79"
"Network Watcher - Standard Diagnostic Tool API","1000","0.002","1","0","0","0"
"Power BI Premium - Autoscale vCore","10 Hours","4.389916","0","4.389916","215.16","944.56"
"Premium Block Blob - LRS - All Other Operations - US East 2","100000000","0.000008","0","0.000008","85.04","0"
"Premium Block Blob - LRS - List and Create Container Operations - US East 2","10000000","0.000059","0","0.000059","303.73","0.02"
"Premium SSD Managed Disks - P1 LRS - US East 2","100 /Month","0.030005","0","0.030005","364.47","10.94"
"Premium SSD Managed Disks - P10 LRS - US East","1 /Month","1.000152","0","1.000152","119.72","119.74"
"Premium SSD Managed Disks - P10 LRS - US East 2","1 /Month","84.573198","0","84.573198","108.85","9205.56"
"Premium SSD Managed Disks - P15 LRS - US East 2","1 /Month","22.89141","0","22.89141","209.94","4805.92"
"Premium SSD Managed Disks - P20 LRS - US East 2","1 /Month","49.559256","0","49.559256","384.11","19036.44"
"Premium SSD Managed Disks - P3 LRS - US East 2","10 /Month","0.400061","0","0.400061","145.79","58.32"
"Premium SSD Managed Disks - P30 LRS - US East 2","1 /Month","7.001064","0","7.001064","746.44","5225.89"
"Premium SSD Managed Disks - P4 LRS - US East 2","1 /Month","8.001216","0","8.001216","29.16","233.35"
"Premium SSD Managed Disks - P40 LRS - US East 2","1 /Month","12.453042","0","12.453042","1359.15","16925.57"
"Premium SSD Managed Disks - P50 LRS - US East 2","1 /Month","1.000152","0","1.000152","2736.97","2737.38"
"Premium SSD Managed Disks - P6 LRS - US East 2","1 /Month","8.001216","0","8.001216","56.37","451.03"
"Premium SSD Managed Disks - P60 LRS - US East 2","1 /Month","4.997886","0","4.997886","5225.12","26114.58"
"Premium SSD Managed Disks - Snapshots LRS - US East 2","100 GB/Month","0.00211","0","0.00211","72.9","0.15"
"Process Automation - Basic - Runtime","500 Minutes","3.003833","1","2.003833","6.08","12.18"
"Public IP Prefix - Standard Static IP Addresses","200 Hours","41.76","0","41.76","7.29","304.48"
"Queues - Class 2 Operations","100000000","0.000004","0","0.000004","21.87","0"
"Queues - LRS - Class 1 Operations","100000000","0.000004","0","0.000004","21.87","0"
"Queues v2 - Class 2 Operations - BR South","10000000","0.000031","0","0.000031","24.29","0"
"Queues v2 - Class 2 Operations - US East","10000000","0.000032","0","0.000032","24.29","0"
"Queues v2 - Class 2 Operations - US East 2","10000000","0.000101","0","0.000101","24.29","0"
"Queues v2 - GRS - Class 1 Operations - BR South","10000000","0.000003","0","0.000003","48.6","0"
"Queues v2 - GRS - Class 1 Operations - US East 2","10000000","0.000006","0","0.000006","48.6","0"
"Queues v2 - LRS - Class 1 Operations - BR South","10000000","0.000027","0","0.000027","24.29","0"
"Queues v2 - LRS - Class 1 Operations - US East","10000000","0.000032","0","0.000032","24.29","0"
"Queues v2 - LRS - Class 1 Operations - US East 2","10000000","0.000087","0","0.000087","24.29","0"
"Queues v2 - ZRS - Class 1 Operations - BR South","10000000","0.000012","0","0.000012","24.29","0"
"Queues v2 - ZRS - Class 2 Operations - BR South","10000000","0.000028","0","0.000028","24.29","0"
"Red Hat Enterprise Linux - 1-4 vCPU VM License","100 Hours","9.682171","0","9.682171","36.44","352.85"
"Rtn Preference: MGN - Standard Data Transfer In - Zone 1","10 GB","0.002145","0","0.002145","0","0"
"Rtn Preference: MGN - Standard Data Transfer In - Zone 3","10 GB","0.000335","0","0.000335","0","0"
"Rtn Preference: MGN - Standard Data Transfer Out - Zone 1","10 GB","640.653881","10","630.653881","5.28","3331.37"
"Rtn Preference: MGN - Standard Data Transfer Out - Zone 3","10 GB","0.398201","10","0","0","0"
"Service Bus - Standard Messaging Operations","10000000","0.000898","1.3","0","0","0"
"SignalR - Standard Unit","1 /Day","29","0","29","9.78","283.72"
"SignalR - Standard Unit - Free","1 /Day","58","0","58","0","0"
"SQL Database - LTR Backup Storage - ZRS - Data Stored - BR South","100 GB/Month","0.00005","0","0.00005","36.08","0"
"SQL Database General Purpose - Serverless - Compute Gen5 - 1 vCore - vCore - US East 2","10000 Hours","0.03233","0","0.03233","31694.71","1024.68"
"SQL Database General Purpose - Serverless - Compute Gen5 - 1 vCore - Zone Redundancy - vCore - US East 2","100 Hours","3.232972","0","3.232972","198.04","640.26"
"SQL Database Single/Elastic Pool General Purpose - Compute Gen5 - 1 vCore - vCore - BR South","10 Hours","139.2","0","139.2","17.56","2444.13"
"SQL Database Single/Elastic Pool General Purpose - Compute Gen5 - 1 vCore - vCore - BR South","100 Hours","13.92","0","13.92","109.78","1528.1"
"SQL Database Single/Elastic Pool General Purpose - SQL License - vCore","100 Hours","13.92","0","13.92","60.69","844.74"
"SQL Database Single/Elastic Pool General Purpose - Storage - Data Stored - US East 2","10 GB/Month","7.783226","0","7.783226","6.99","54.43"
"SQL Database Single/Elastic Pool General Purpose - Storage - Zone Redundancy - Data Stored - Preview - BR South","100 GB/Month","0.389161","0","0.389161","276.51","107.61"
"SQL Server Azure Hybrid Benefit - Standard Edition License","1 Hour","695.966706","0","695.966706","0","0"
"SQL Server Express Edition - License","1 Hour","2087.816881","0","2087.816881","0","0"
"SQL Server Standard - 1-4 vCPU VM License","10 Hours","69.6","0","69.6","24.29","1690.7"
"Standard HDD Managed Disks - S10 - LRS - Disk - BR South","1 /Month","3.000456","0","3.000456","85.83","257.54"
"Standard HDD Managed Disks - S10 - LRS - Disk - US East 2","1 /Month","1.000152","0","1.000152","35.71","35.72"
"Standard HDD Managed Disks - S15 - LRS - Disk - US East 2","1 /Month","2.000304","0","2.000304","68.77","137.56"
"Standard HDD Managed Disks - S30 - LRS - Disk - US East 2","1 /Month","3.000456","0","3.000456","248.82","746.57"
"Standard HDD Managed Disks - S4 - LRS - Disk - US East 2","1 /Month","5.00076","0","5.00076","9.29","46.45"
"Standard HDD Managed Disks - S4 - LRS - Disk Operations","100000000","30.205338","0","30.205338","28.85","871.57"
"Standard HDD Managed Disks - S40 - LRS - Disk - US East 2","1 /Month","1.000152","0","1.000152","497.64","497.71"
"Standard HDD Managed Disks - S6 - LRS - Disk - US East 2","1 /Month","1.000152","0","1.000152","18.23","18.23"
"Standard HDD Managed Disks - S70 - LRS - Disk - US East 2","1 /Month","2.000304","0","2.000304","3981.04","7963.3"
"Standard HDD Managed Disks - Snapshots - LRS - Snapshots - US East 2","100 GB/Month","29.72679","0","29.72679","30.38","903.1"
"Standard HDD Managed Disks - Snapshots - ZRS - Snapshots - US East 2","100 GB/Month","1313.751992","0","1313.751992","30.38","39911.79"
"Standard Page Blob - Disk Read Operations","100000000","0.019269","0","0.019269","21.87","0.42"
"Standard Page Blob - Disk Write Operations","100000000","0.009212","0","0.009212","21.87","0.2"
"Standard Page Blob - LRS - Write Operations","100000000","0","0","0","21.87","0"
"Standard Page Blob - LRS Data Stored","100 GB/Month","0.01296","0","0.01296","27.33","0.35"
"Standard Page Blob - Read Additional IO","100000000","0","0","0","0","0"
"Standard Page Blob - Read Operations","100000000","0","0","0","21.87","0"
"Standard Page Blob v2 - Disk Read Operations - BR South","100000000","0.002505","0","0.002505","42.52","0.11"
"Standard Page Blob v2 - Disk Read Operations - US East 2","100000000","0.029337","0","0.029337","30.38","0.89"
"Standard Page Blob v2 - Disk Write Operations - BR South","100000000","0.001253","0","0.001253","42.52","0.05"
"Standard Page Blob v2 - Disk Write Operations - US East 2","100000000","0.013883","0","0.013883","30.38","0.42"
"Standard Page Blob v2 - LRS - Write Additional IO - US East 2","10000000","4.908278","0","4.908278","14.16","69.51"
"Standard Page Blob v2 - LRS - Write Operations - US East 2","10000000","0.327222","0","0.327222","91.13","29.82"
"Standard Page Blob v2 - LRS Data Stored - US East 2","100 GB/Month","53.724628","0","53.724628","27.33","1468.27"
"Standard Page Blob v2 - Read Additional IO - US East 2","100000000","0.000002","0","0.000002","10.33","0"
"Standard Page Blob v2 - Read Operations - US East 2","10000000","0.000002","0","0.000002","9.1","0"
"Standard SSD Managed Disks - E10 - LRS - Disk - BR South","1 /Month","2.000304","0","2.000304","113.39","226.81"
"Standard SSD Managed Disks - E10 - LRS - Disk - US East 2","1 /Month","44.01531","0","44.01531","58.32","2566.85"
"Standard SSD Managed Disks - E15 - LRS - Disk - US East 2","1 /Month","13.23477","0","13.23477","116.62","1543.47"
"Standard SSD Managed Disks - E20 - LRS - Disk - US East 2","1 /Month","9.001368","0","9.001368","233.27","2099.74"
"Standard SSD Managed Disks - E3 - LRS - Disk - US East 2","10 /Month","0.511716","0","0.511716","72.9","37.3"
"Standard SSD Managed Disks - E30 - LRS - Disk - US East 2","1 /Month","4.000608","0","4.000608","466.54","1866.43"
"Standard SSD Managed Disks - E4 - LRS - Disk - US East 2","1 /Month","7.118898","0","7.118898","14.58","103.81"
"Standard SSD Managed Disks - E4 - LRS - Disk Operations","100000000","8.304852","0","8.304852","121.5","1009"
"Standard SSD Managed Disks - E40 - LRS - Disk - US East 2","1 /Month","2.000304","0","2.000304","933.06","1866.41"
"Standard SSD Managed Disks - E50 - LRS - Disk - US East 2","1 /Month","3.116853","0","3.116853","1866.11","5816.4"
"Standard SSD Managed Disks - E6 - LRS - Disk - US East 2","1 /Month","3.000456","0","3.000456","29.16","87.51"
"Standard SSD Managed Disks - E60 - LRS - Disk - US East 2","1 /Month","1.000152","0","1.000152","3732.23","3732.79"
"Standard SSD Managed Disks - Snapshots - LRS - Snapshots - US East 2","100 GB/Month","0.045777","0","0.045777","72.9","3.34"
"Storage - Bandwidth - Geo-Replication Data Transfer - BR South","100 GB","0.000582","0","0.000582","0","0"
"Storage - Bandwidth - Geo-Replication Data Transfer - US East 2","100 GB","0.001573","0","0.001573","0","0"
"Storage - Bandwidth - Geo-Replication v2 Data Transfer - US East 2","100 GB","0.0007","0","0.0007","12.15","0.01"
"Tables - Account Encrypted - LRS - Batch Write Operations - US East 2","10000000","0.000424","0","0.000424","455.6","0.19"
"Tables - Account Encrypted - Read Operations - US East 2","100000000","0.000001","0","0.000001","303.73","0"
"Tables - Batch Write Operations","100000000","0.006549","0","0.006549","21.87","0.14"
"Tables - GRS - Batch Write Operations","100000000","0.000252","0","0.000252","21.87","0.01"
"Tables - LRS Data Stored","100 GB/Month","4.761233","0","4.761233","27.33","130.12"
"Tables - LRS Data Stored - BR South","100 GB/Month","0.000295","0","0.000295","37.06","0.01"
"Tables - Read Operations","100000000","0.000042","0","0.000042","21.87","0"
"Tables - Write Operations","100000000","0","0","0","21.87","0"
"Tables - ZRS Data Stored - BR South","100 GB/Month","0.00017","0","0.00017","46.29","0.01"
"Tiered Block Blob - All Other Operations - BR South","1000000","0.006882","0","0.006882","3.4","0.02"
"Tiered Block Blob - All Other Operations - US East","1000000","0.00773","0","0.00773","2.43","0.02"
"Tiered Block Blob - All Other Operations - US East 2","1000000","24.745931","0","24.745931","2.43","60.14"
"Tiered Block Blob - Cool RA-GRS - Data Stored - BR South","100 GB/Month","1.382653","0","1.382653","26.91","37.2"
"Tiered Block Blob - GRS - List and Create Container Operations - BR South","100000","0.00035","0","0.00035","8.51","0"
"Tiered Block Blob - GRS - List and Create Container Operations - US East 2","100000","0.01284","0","0.01284","6.08","0.08"
"Tiered Block Blob - Hot - Read Operations - BR South","1000000","2.226268","0","2.226268","3.4","7.56"
"Tiered Block Blob - Hot - Read Operations - US East 2","1000000","22.373107","0","22.373107","2.43","54.38"
"Tiered Block Blob - Hot LRS - Data Stored - BR South","100 GB/Month","0.048892","0","0.048892","18.41","0.9"
"Tiered Block Blob - Hot LRS - Data Stored - US East 2","100 GB/Month","6201.478499","0","6201.478499","10.27","63671.82"
"Tiered Block Blob - Hot LRS - Write Operations - BR South","1000000","0.456283","0","0.456283","42.52","19.4"
"Tiered Block Blob - Hot LRS - Write Operations - US East 2","1000000","22.31904","0","22.31904","30.38","678.05"
"Tiered Block Blob - Hot RA-GRS - Data Stored - US East 2","100 GB/Month","14.561844","0","14.561844","25.71","374.32"
"Tiered Block Blob - Index Tags - BR South","10000000 /Month","0.000119","0","0.000119","364.47","0.04"
"Tiered Block Blob - LRS - List and Create Container Operations - BR South","1000000","0.000786","0","0.000786","42.52","0.03"
"Tiered Block Blob - LRS - List and Create Container Operations - US East","1000000","0.004437","0","0.004437","30.38","0.13"
"Tiered Block Blob - LRS - List and Create Container Operations - US East 2","1000000","18.735957","0","18.735957","30.38","569.2"
"Traffic Manager - DNS Queries","10000000","0.744074","0","0.744074","32.81","24.41"
"Traffic Manager - Non-Azure Endpoint - Health Checks","10","0.093548","0","0.093548","32.81","3.07"
"Traffic Manager - Traffic View - Data Points Processed","1000000","7.406394","0","7.406394","12.15","90"
"Virtual Machines BS Series - B16ms - US East 2","10 Hours","53.615014","0","53.615014","40.46","2169.33"
"Virtual Machines BS Series - B2ms - US East 2","100 Hours","0.39333","0","0.39333","50.54","19.88"
"Virtual Machines BS Series - B2s - US East 2","100 Hours","12.196176","0","12.196176","25.27","308.21"
"Virtual Machines BS Series - B4ms - US East 2","10 Hours","146.768362","0","146.768362","10.09","1481.42"
"Virtual Machines BS Series - B8ms - US East 2","10 Hours","64.800027","0","64.800027","20.22","1310.54"
"Virtual Machines BS Series Windows - B2ms - US East 2","100 Hours","6.274004","0","6.274004","55.39","347.52"
"Virtual Machines BS Series Windows - B2s - BR South","100 Hours","20.875837","0","20.875837","45.68","953.64"
"Virtual Machines BS Series Windows - B4ms - US East 2","10 Hours","2.948335","0","2.948335","11.06","32.61"
"Virtual Machines Bsv2 Series Windows - B2s v2 - US East 2","1000 Hours","0.01","0","0.01","584.64","5.85"
"Virtual Machines Dadsv5 Series - D2ads v5 - BR South","100 Hours","6.9605","0","6.9605","100.23","697.65"
"Virtual Machines Dadsv5 Series - D2ads v5 - US East 2","100 Hours","5.327167","0","5.327167","62.57","333.32"
"Virtual Machines Dav4/Dasv4 Series - D2a v4/D2as v4 - US East 2","100 Hours","6.959834","0","6.959834","58.32","405.88"
"Virtual Machines Dav4/Dasv4 Series - D4a v4/D4as v4 - US East 2","100 Hours","13.918502","0","13.918502","116.62","1623.2"
"Virtual Machines Dav4/Dasv4 Series - D8a v4/D8as v4 - US East 2","10 Hours","69.595006","0","69.595006","23.32","1623.26"
"Virtual Machines Dav4/Dasv4 Series Windows - D2a v4/D2as v4 - BR South","100 Hours","6.959334","0","6.959334","148.82","1035.72"
"Virtual Machines Dav4/Dasv4 Series Windows - D4a v4/D4as v4 - US East 2","100 Hours","6.9585","0","6.9585","228.41","1589.38"
"Virtual Machines Ddsv5 Series - D2ds v5 - US East 2","100 Hours","6.859667","0","6.859667","68.65","470.89"
"Virtual Machines Ddsv5 Series - D4ds v5 - US East 2","100 Hours","0.05","0","0.05","137.29","6.86"
"Virtual Machines DSv2 Series - DS3 v2 Spot Hours - BR South","1 Hour","2.600012","0","2.600012","0.04","0.48"
"Virtual Machines DSv2 Series - DS3 v2 Spot Hours - US East 2","1 Hour","3056.268099","0","3056.268099","0.04","562.43"
"Virtual Machines Dsv4 Series Windows - D16s v4 - US East 2","100 Hours","6.959667","0","6.959667","913.62","6358.49"
"Virtual Machines Dsv5 Series - D2s v5 - US East 2","1000 Hours","0.595917","0","0.595917","583.16","347.51"
"Virtual Machines Dsv5 Series - D4s v5 - US East 2","100 Hours","21.117359","0","21.117359","116.62","2462.75"
"Virtual Machines Dsv5 Series - D8s v5 - US East 2","100 Hours","11.797","0","11.797","233.27","2751.87"
"Virtual Machines Dv2/DSv2 Series - D2 v2/DS2 v2 - US East","10 Hours","69.586682","0","69.586682","8.87","616.96"
"Virtual Machines Dv2/DSv2 Series - D3 v2/DS3 v2 - BR South","10 Hours","223.103363","0","223.103363","20.83","4647.69"
"Virtual Machines Dv2/DSv2 Series - D3 v2/DS3 v2 - US East 2","10 Hours","208.785018","0","208.785018","13.91","2904.78"
"Virtual Machines Dv3/DSv3 Series - D2 v3/D2s v3 - US East 2","10 Hours","229.511743","0","229.511743","5.83","1337.59"
"Virtual Machines Dv3/DSv3 Series - D4 v3/D4s v3 - US East 2","10 Hours","3.998335","0","3.998335","11.67","46.65"
"Virtual Machines Dv3/DSv3 Series - D8 v3/D8s v3 - US East 2","10 Hours","69.220006","0","69.220006","23.32","1614.52"
"Virtual Machines Eadsv5 Series Windows - E2ads v5 - US East 2","100 Hours","6.959334","0","6.959334","135.46","942.69"
"Virtual Machines Easv5 Series Windows - E2as v5 - US East 2","100 Hours","6.96","0","6.96","124.52","866.66"
"Virtual Machines Eav4/Easv4 Series - E2a v4/E2as v4 - BR South","100 Hours","13.919501","0","13.919501","122.1","1699.61"
"Virtual Machines Eav4/Easv4 Series - E4a v4/E4as v4 - BR South","100 Hours","13.921834","0","13.921834","244.21","3399.79"
"Virtual Machines Eav4/Easv4 Series Windows - E2a v4/E2as v4 - US East 2","100 Hours","0.139001","0","0.139001","132.43","18.41"
"Virtual Machines Edsv5 Series Windows - E2ds v5 - US East 2","1000 Hours","0.696","0","0.696","1493.22","1039.28"
"Virtual Machines Esv5 Series - E2s v5 - US East 2","1000 Hours","0.667167","0","0.667167","797.22","531.88"
"Virtual Machines Esv5 Series - E4s v5 - US East 2","100 Hours","2.374334","0","2.374334","159.44","378.56"
"Virtual Machines Esv5 Series - E8s v5 - US East 2","100 Hours","12.425376","0","12.425376","318.89","3962.34"
"Virtual Machines Ev3/ESv3 Series - E2 v3/E2s v3 - US East 2","10 Hours","0.11","0","0.11","8.07","0.89"
"Virtual Machines F/FS Series - F4/F4s - US East 2","10 Hours","208.771698","0","208.771698","12.09","2524.05"
"Virtual Machines FSv2 Series - F16s v2 - US East 2","10 Hours","85.40167","0","85.40167","41.13","3512.64"
"Virtual Machines FSv2 Series - F2s v2 - US East 2","100 Hours","2.726337","0","2.726337","51.39","140.09"
"Virtual Machines FSv2 Series - F32s v2 - US East 2","10 Hours","53.201669","0","53.201669","82.19","4372.5"
"Virtual Machines FSv2 Series - F48s v2 - US East 2","10 Hours","0.333338","0","0.333338","123.32","41.11"
"Virtual Machines FSv2 Series - F4s v2 - US East 2","100 Hours","7.069667","0","7.069667","102.66","725.77"
"Virtual Machines FSv2 Series - F8s v2 - US East 2","10 Hours","69.75","0","69.75","20.52","1431.41"
"Virtual Machines FSv2 Series Windows - F16s v2 - US East 2","10 Hours","107.091672","0","107.091672","79.1","8470.91"
"Virtual Machines FSv2 Series Windows - F4s v2 - US East 2","100 Hours","13.808335","0","13.808335","198.04","2734.61"
"Virtual Machines FSv2 Series Windows - F8s v2 - US East 2","10 Hours","26.688374","0","26.688374","39.54","1055.35"
"Virtual Machines RI - Standard","1 Hour","25648.662994","0","25648.662994","0","0"
"Virtual Network Peering - Intra-Region Egress","100 GB","993.259803","0","993.259803","6.08","6035.05"
"Virtual Network Peering - Intra-Region Ingress","100 GB","1059.651258","0","1059.651258","6.08","6438.44"
"Virtual Network Private Link - Standard Data Processed - Egress","200 GB","0.009368","0","0.009368","12.15","0.11"
"Virtual Network Private Link - Standard Data Processed - Ingress","200 GB","1.766873","0","1.766873","12.15","21.47"
"Virtual Network Private Link - Standard Private Endpoint","200 Hours","80.04","0","80.04","12.15","972.65"
"Windows Server - 16 vCPU VM License","10 Hours","69.05","0","69.05","44.71","3087.53"
"Windows Server - 2 vCPU VM License","100 Hours","34.795672","0","34.795672","55.89","1944.62"
"Windows Server - 4 vCPU VM License","10 Hours","627.448388","0","627.448388","11.17","7010.1"
"Windows Server - 8 vCPU VM License","10 Hours","0.55","0","0.55","22.36","12.3"
"Windows Server Burst - 2 vCPU VM License","100 Hours","0.59333","0","0.59333","4.86","2.88"
"Windows Server Burst - 4 vCPU VM License","100 Hours","13.623335","0","13.623335","9.72","132.44"
"Standard_D2s_v3 eastus2 1 Year","NA","NA","NA","1","284.58","284.58"
"Standard_F16s_v2 eastus2 1 Year","NA","NA","NA","1","1986.06","1986.06"
"Standard_D2s_v5 eastus2 1 Year","NA","NA","NA","10","281.17","2811.7"
"Standard_D8s_v3 eastus2 1 Year","NA","NA","NA","1","1137.28","1137.28"
"Esv5_Type1 eastus2 1 Year","NA","NA","NA","1","19494.24","19494.24"
"Standard_D4s_v5 eastus2 1 Year","NA","NA","NA","8","562.44","4499.51"
"Standard_D4s_v5 eastus2 1 Year","NA","NA","NA","1","562.44","562.44"
"Standard_E4s_v5 eastus2 1 Year","NA","NA","NA","8","738.21","5905.67"
"Standard_D4ds_v5 eastus2 1 Year","NA","NA","NA","1","662.16","662.16"
"Standard_F4s_v2 eastus2 1 Year","NA","NA","NA","1","496.62","496.62"
"esv4_type1 eastus2 3 Years","NA","NA","NA","1","8370.55","8370.55"
"Standard_D2s_v5 eastus2 1 Year","NA","NA","NA","1","281.17","281.17"
"Standard_D8s_v5 eastus2 1 Year","NA","NA","NA","1","1125.4","1125.4"
"Standard_B4ms eastus2 1 Year","NA","NA","NA","2","483.6","967.2"
"Standard_D4s_v3 eastus2 1 Year","NA","NA","NA","1","568.64","568.64"